<?xml version="1.0" encoding="utf-8" ?>
<Defs>

    <ThingDef ParentName="LeatherBase">
        <defName>Arkanian_Leather</defName>
        <label>Arkanian Hid</label>
        <description>arkanian hid</description>
        <graphicData>
            <color>(250,229,211)</color>
        </graphicData>
        <statBases>
            <MarketValue>2</MarketValue>
            <StuffPower_Armor_Sharp>0.10</StuffPower_Armor_Sharp>
            <StuffPower_Armor_Blunt>0.15</StuffPower_Armor_Blunt>
            <StuffPower_Insulation_Cold>-40</StuffPower_Insulation_Cold>
            <StuffPower_Insulation_Heat>0</StuffPower_Insulation_Heat>
        </statBases>
        <stuffProps>
            <color>(250,229,211)</color>
        </stuffProps>
    </ThingDef>

</Defs>