<?xml version="1.0" encoding="utf-8" ?>

<Defs>

  <!-- CHILD BACKSTORIES -->

  <AlienRace.BackstoryDef>
    <defName>Arkanian_Monk</defName>
    <title>Battle monk</title>
	  <titleShort>Monk kid</titleShort>
    <baseDescription>[PAWN_nameFull] was born in an ancient monastery devoted to martial arts. HECAP was raised to master various forms of physical combat and extend his physical limitations.</baseDescription>
    <bodyTypeMale>Male</bodyTypeMale>
    <bodyTypeFemale>Female</bodyTypeFemale>
    <slot>Childhood</slot>
    <skillGains>
      <li>
        <defName>Social</defName>
        <amount>2</amount>
      </li>
	    <li>
        <defName>Melee</defName>
        <amount>4</amount>
      </li>
	    <li>
        <defName>Plants</defName>
        <amount>4</amount>
      </li>
    </skillGains>
    <spawnCategories>
      <li>Arkanian_Backstory</li>
    </spawnCategories>
  </AlienRace.BackstoryDef>

  <AlienRace.BackstoryDef>
    <defName>Arkanian_Thief</defName>
    <title>Arkanian thief</title>
    <titleShort>Thief</titleShort>
    <baseDescription>[PAWN_nameFull] lived out HIS childhood as a theif, stealing what HECAP needed to survive.</baseDescription>
    <bodyTypeMale>Male</bodyTypeMale>
    <bodyTypeFemale>Female</bodyTypeFemale>
    <slot>Childhood</slot>
    <skillGains>
      <li>
        <defName>Construction</defName>
        <amount>2</amount>
      </li>
      <li>
        <defName>Social</defName>
        <amount>4</amount>
      </li>
      <li>
        <defName>Crafting</defName>
        <amount>4</amount>
      </li>
    </skillGains>
    <spawnCategories>
      <li>Arkanian_Backstory</li>
    </spawnCategories>
  </AlienRace.BackstoryDef>

	<AlienRace.BackstoryDef>
    <defName>Arkanian_Adopt</defName>
    <title>Adopted alien</title>
    <titleShort>Adopted</titleShort>
    <baseDescription>Rescued from a strange escape pod, [PAWN_nameFull] was taken in and raised by an old farmer and his wife. Though HECAP never got the hang of farming, HIS great strength was a life-saver for the elderly Kents...</baseDescription>
    <bodyTypeMale>Male</bodyTypeMale>
    <bodyTypeFemale>Female</bodyTypeFemale>
    <slot>Childhood</slot>
    <skillGains>
      <li>
        <defName>Plants</defName>
        <amount>-6</amount>
      </li>
      <li>
        <defName>Animals</defName>
        <amount>4</amount>
      </li>
      <li>
        <defName>Construction</defName>
        <amount>4</amount>
      </li>
      <li>
        <defName>Crafting</defName>
        <amount>2</amount>
      </li>
    </skillGains>
    <spawnCategories>
      <li>Arkanian_Backstory</li>
    </spawnCategories>
  </AlienRace.BackstoryDef>

  <AlienRace.BackstoryDef>
    <defName>Arkanian_Tribe_kid</defName>
    <title>Arkanian tribe kid</title>
    <titleShort>Tribe kid</titleShort>
    <baseDescription>[PAWN_nameFull] was born in a small village. HECAP had to learn to carry HIS weight and keep the tribe fed from an early age.</baseDescription>
    <bodyTypeMale>Male</bodyTypeMale>
    <bodyTypeFemale>Female</bodyTypeFemale>
    <slot>Childhood</slot>
    <skillGains>
      <li>
        <defName>Social</defName>
        <amount>2</amount>
      </li>
      <li>
        <defName>Construction</defName>
        <amount>2</amount>
      </li>
      <li>
        <defName>Plants</defName>
        <amount>2</amount>
      </li>
    </skillGains>
    <spawnCategories>
      <li>Arkanian_Backstory</li>
    </spawnCategories>
  </AlienRace.BackstoryDef>

  <AlienRace.BackstoryDef>
    <defName>Arkanian_Core_Kid</defName>
    <title>Arkanian crafter</title>
    <titleShort>Crafter kid</titleShort>
    <baseDescription>[PAWN_nameFull] has always been making little things for HIS family. Naturally, they encouraged his skill with craftsmanship, and HECAP is developing into quite the artisan.</baseDescription>
    <bodyTypeMale>Male</bodyTypeMale>
    <bodyTypeFemale>Female</bodyTypeFemale>
    <slot>Childhood</slot>
    <skillGains>
      <li>
        <defName>Social</defName>
        <amount>2</amount>
      </li>
	    <li>
        <defName>Crafting</defName>
        <amount>4</amount>
      </li>
    </skillGains>
    <spawnCategories>
      <li>Arkanian_Backstory</li>
    </spawnCategories>
  </AlienRace.BackstoryDef>

  <AlienRace.BackstoryDef>
    <defName>Arkanian_Rebel_Kid</defName>
    <title>Arkanian rebel kid</title>
    <titleShort>Rebel kid</titleShort>
    <baseDescription>[PAWN_nameFull] is a rebellious free-spirited child. A real firecracker!</baseDescription>
    <bodyTypeMale>Male</bodyTypeMale>
    <bodyTypeFemale>Female</bodyTypeFemale>
    <slot>Childhood</slot>
    <skillGains>
      <li>
        <defName>Melee</defName>
        <amount>6</amount>
      </li>
      <li>
        <defName>Social</defName>
        <amount>10</amount>
      </li>
      <li>
        <defName>Shooting</defName>
        <amount>2</amount>
      </li>
    </skillGains>
    <spawnCategories>
      <li>Arkanian_Backstory</li>
    </spawnCategories>
  </AlienRace.BackstoryDef>

  <AlienRace.BackstoryDef>
    <defName>Arkanian_Spacer_Kid</defName>
    <title>Spacer Arkanian</title>
    <titleShort>Spacer</titleShort>
    <baseDescription>[PAWN_nameFull] was born on the family's moving home - a sublight long-haul cargo cruiser. As one of the few space-faring Arkanian HECAP grew up learning to wheel, deal, and steal enough to keep the ship in spaceworthy condition and delivering cargo on schedule.</baseDescription>
    <bodyTypeMale>Male</bodyTypeMale>
    <bodyTypeFemale>Female</bodyTypeFemale>
    <slot>Childhood</slot>
    <skillGains>
      <li>
        <defName>Construction</defName>
        <amount>6</amount>
      </li>
      <li>
        <defName>Social</defName>
        <amount>4</amount>
      </li>
      <li>
        <defName>Crafting</defName>
        <amount>3</amount>
      </li>
    </skillGains>
    <spawnCategories>
      <li>Arkanian_Backstory</li>
    </spawnCategories>
  </AlienRace.BackstoryDef>

  <AlienRace.BackstoryDef>
    <defName>Arkanian_Child_Servant</defName>
    <title>Arkanian child servant</title>
    <titleShort>Child servant</titleShort>
    <baseDescription>[PAWN_nameFull] was born and raised as a servent in the household of a powerful tribal leader. HECAP learned all the basic skills from the tribal women who raised all the village's children.</baseDescription>
    <bodyTypeMale>Male</bodyTypeMale>
    <bodyTypeFemale>Female</bodyTypeFemale>
    <slot>Childhood</slot>
    <skillGains>
      <li>
        <defName>Melee</defName>
        <amount>4</amount>
      </li>
      <li>
        <defName>Crafting</defName>
        <amount>4</amount>
      </li>
      <li>
        <defName>Medicine</defName>
        <amount>2</amount>
      </li>
    </skillGains>
    <spawnCategories>
      <li>Arkanian_Backstory</li>
    </spawnCategories>
  </AlienRace.BackstoryDef>

  <AlienRace.BackstoryDef>
    <defName>Arkanian_Tribal_Child</defName>
    <title>Arkanian tribe child</title>
	  <titleShort>Tribe child</titleShort>
    <baseDescription>Most of the Arkanian people are simple tribesmen and women, like [PAWN_nameFull]. A hardy people, due to the harsh environment.</baseDescription>
    <bodyTypeMale>Male</bodyTypeMale>
    <bodyTypeFemale>Female</bodyTypeFemale>
    <slot>Childhood</slot>
    <skillGains>
      <li>
        <defName>Construction</defName>
        <amount>4</amount>
      </li>
	    <li>
        <defName>Crafting</defName>
        <amount>4</amount>
      </li>
    </skillGains>
    <spawnCategories>
      <li>Arkanian_Backstory</li>
    </spawnCategories>
  </AlienRace.BackstoryDef>
  
  <!-- ADULT BACKSTORIES -->

  <AlienRace.BackstoryDef>
    <defName>Arkanian_Battle_Monk</defName>
    <title>Arkanian battle monk</title>
	  <titleShort>Battle monk</titleShort>
    <baseDescription>[PAWN_nameFull] spent HIS adolescent years training in an ancient monastery devoted to martial arts. HECAP has masterered several forms of physical combat and extended HIS physical limitations.</baseDescription>
    <bodyTypeMale>Male</bodyTypeMale>
    <bodyTypeFemale>Female</bodyTypeFemale>
    <slot>Adulthood</slot>
    <skillGains>
      <li>
        <defName>Social</defName>
        <amount>2</amount>
      </li>
	    <li>
        <defName>Melee</defName>
        <amount>8</amount>
      </li>
	    <li>
        <defName>Plants</defName>
        <amount>4</amount>
      </li>
    </skillGains>
    <spawnCategories>
      <li>Arkanian_Backstory</li>
    </spawnCategories>
  </AlienRace.BackstoryDef>

  <AlienRace.BackstoryDef>
    <defName>Arkanian_Tribal_Adult</defName>
    <title>Arkanian tribal adult</title>
	  <titleShort>Tribal</titleShort>
    <baseDescription>Most of the Arkanian people are simple tribesmen and women, like [PAWN_nameFull]. A hardy people, due to the harsh environment.</baseDescription>
    <bodyTypeMale>Male</bodyTypeMale>
    <bodyTypeFemale>Female</bodyTypeFemale>
    <slot>Adulthood</slot>
    <skillGains>
      <li>
        <defName>Construction</defName>
        <amount>4</amount>
      </li>
	    <li>
        <defName>Crafting</defName>
        <amount>4</amount>
      </li>
    </skillGains>
    <spawnCategories>
      <li>Arkanian_Backstory</li>
    </spawnCategories>
  </AlienRace.BackstoryDef>

  <AlienRace.BackstoryDef>
    <defName>Arkanian_Builder</defName>
    <title>Arkanian builder</title>
	  <titleShort>Builder</titleShort>
    <baseDescription>[PAWN_nameFull] facing the rough winter nights makes you appreciate a good hut. As such, a good builder is a valued member of any Arkanian community.</baseDescription>
	  <bodyTypeMale>Male</bodyTypeMale>
    <bodyTypeFemale>Female</bodyTypeFemale>
    <slot>Adulthood</slot>
    <skillGains>
      <li>
        <defName>Crafting</defName>
        <amount>2</amount>
      </li>
	    <li>
        <defName>Construction</defName>
        <amount>4</amount>
      </li>
    </skillGains>
    <spawnCategories>
      <li>Arkanian_Backstory</li>
    </spawnCategories>
  </AlienRace.BackstoryDef>

  <AlienRace.BackstoryDef>
    <defName>Arkanian_Weapon_Smith</defName>
    <title>Arkanian weapon smith</title>
    <titleShort>Weapon smith</titleShort>
    <baseDescription>[PAWN_nameFull] found HECAP had a natural talent and love for making blades and weaponry. HECAP has made sure HIS tribe has the finest weapons HECAP can craft.</baseDescription>
    <bodyTypeMale>Male</bodyTypeMale>
    <bodyTypeFemale>Female</bodyTypeFemale>
    <slot>Adulthood</slot>
    <skillGains>
      <li>
        <defName>Shooting</defName>
        <amount>3</amount>
      </li>
      <li>
        <defName>Crafting</defName>
        <amount>5</amount>
      </li>
    </skillGains>
    <spawnCategories>
      <li>Arkanian_Backstory</li>
    </spawnCategories>
  </AlienRace.BackstoryDef>

  <AlienRace.BackstoryDef>
    <defName>Arkanian_Medic</defName>
    <title>Arkanian medic</title>
    <titleShort>Medic</titleShort>
    <baseDescription>[PAWN_nameFull] tends the wounds of the warriors and hunters wounded in combat, and tends to the more mundane illnesses, fevers and injuries among the tribe. HECAP is very well respected for HIS talents.</baseDescription>
    <bodyTypeMale>Male</bodyTypeMale>
    <bodyTypeFemale>Female</bodyTypeFemale>
    <slot>Adulthood</slot>
    <skillGains>
      <li>
        <defName>Intellectual</defName>
        <amount>6</amount>
      </li>
      <li>
        <defName>Medicine</defName>
        <amount>6</amount>
      </li>
    </skillGains>
    <spawnCategories>
      <li>Arkanian_Backstory</li>
    </spawnCategories>
  </AlienRace.BackstoryDef>

  <AlienRace.BackstoryDef>
    <defName>Arkanian_Herblist</defName>
    <title>Arkanian herbalist</title>
    <titleShort>Herbalist</titleShort>
    <baseDescription>[PAWN_nameFull] tends HIS herbs to create many various food additives and curatives.</baseDescription>
    <bodyTypeMale>Male</bodyTypeMale>
    <bodyTypeFemale>Female</bodyTypeFemale>
    <slot>Adulthood</slot>
    <skillGains>
      <li>
        <defName>Crafting</defName>
        <amount>6</amount>
      </li>
      <li>
        <defName>Medicine</defName>
        <amount>4</amount>
      </li>
      <li>
        <defName>Plants</defName>
        <amount>6</amount>
      </li>
    </skillGains>
    <spawnCategories>
      <li>Arkanian_Backstory</li>
    </spawnCategories>
  </AlienRace.BackstoryDef>

  <AlienRace.BackstoryDef>
    <defName>Arkanian_Hunter</defName>
    <title>Arkanian hunter</title>
    <titleShort>Hunter</titleShort>
    <baseDescription>[PAWN_nameFull] is a hunter. HECAP makes sure HIS tribe is well fed, learning the game paths and watering holes. HE makes sure to keep the predators down as well, for HIS own people, and the game they share.</baseDescription>
    <bodyTypeMale>Male</bodyTypeMale>
    <bodyTypeFemale>Female</bodyTypeFemale>
    <slot>Adulthood</slot>
    <skillGains>
      <li>
        <defName>Animals</defName>
        <amount>6</amount>
      </li>
      <li>
        <defName>Social</defName>
        <amount>2</amount>
      </li>
	    <li>
        <defName>Shooting</defName>
        <amount>2</amount>
      </li>
    </skillGains>
    <spawnCategories>
      <li>Arkanian_Backstory</li>
    </spawnCategories>
  </AlienRace.BackstoryDef>

  <AlienRace.BackstoryDef>
    <defName>Arkanian_Fighter</defName>
    <title>Arkanian fighter</title>
    <titleShort>Fighter</titleShort>
    <baseDescription>[PAWN_nameFull] is a rank-and-file soldier for his tribe. HECAP keeps dangerous creatures or people from attacking the village, sometimes perhaps raiding other tribes for supplies or people... perhaps.</baseDescription>
    <bodyTypeMale>Male</bodyTypeMale>
    <bodyTypeFemale>Female</bodyTypeFemale>
    <slot>Adulthood</slot>
    <skillGains>
      <li>
        <defName>Shooting</defName>
        <amount>5</amount>
      </li>
      <li>
        <defName>Melee</defName>
        <amount>5</amount>
      </li>
    </skillGains>
    <spawnCategories>
      <li>Arkanian_Backstory</li>
    </spawnCategories>
  </AlienRace.BackstoryDef>

  <AlienRace.BackstoryDef>
    <defName>Arkanian_Conscript</defName>
    <title>Arkanian conscript</title>
    <titleShort>Conscript</titleShort>
    <baseDescription>[PAWN_nameFull] was conscripted into a medeival army, and trained as a soldier..</baseDescription>
    <bodyTypeMale>Male</bodyTypeMale>
    <bodyTypeFemale>Female</bodyTypeFemale>
    <slot>Adulthood</slot>
    <skillGains>
      <li>
        <defName>Shooting</defName>
        <amount>5</amount>
      </li>
      <li>
        <defName>Melee</defName>
        <amount>5</amount>
      </li>
    </skillGains>
    <spawnCategories>
      <li>Arkanian_Backstory</li>
    </spawnCategories>
  </AlienRace.BackstoryDef>

  <AlienRace.BackstoryDef>
    <defName>Arkanian_Champion</defName>
    <title>Arkanian champion</title>
    <titleShort>Champion</titleShort>
    <baseDescription>[PAWN_nameFull] is HIS people's champion. HECAP has slain monsters, fought duels, and all the usual champion guff.</baseDescription>
    <bodyTypeMale>Male</bodyTypeMale>
    <bodyTypeFemale>Female</bodyTypeFemale>
    <slot>Adulthood</slot>
    <skillGains>
      <li>
        <defName>Shooting</defName>
        <amount>6</amount>
      </li>
      <li>
        <defName>Melee</defName>
        <amount>6</amount>
      </li>
    </skillGains>
    <spawnCategories>
      <li>Arkanian_Backstory</li>
    </spawnCategories>
  </AlienRace.BackstoryDef>

  <AlienRace.BackstoryDef>
    <defName>Arkanian_Spacer_Adult</defName>
    <title>Arkanian spacer adult</title>
    <titleShort>Spacer</titleShort>
    <baseDescription>[PAWN_nameFull] was a free-trader, roving the Rim searching for deals and opportunities for profit. Until now, HE was flying a ship, making deals with colonies like these... I wonder what happened?</baseDescription>
    <bodyTypeMale>Male</bodyTypeMale>
    <bodyTypeFemale>Female</bodyTypeFemale>
    <slot>Adulthood</slot>
    <skillGains>
      <li>
        <defName>Melee</defName>
        <amount>6</amount>
      </li>
      <li>
        <defName>Social</defName>
        <amount>10</amount>
      </li>
      <li>
        <defName>Shooting</defName>
        <amount>2</amount>
      </li>
    </skillGains>
    <spawnCategories>
      <li>Arkanian_Backstory</li>
    </spawnCategories>
  </AlienRace.BackstoryDef>

  <AlienRace.BackstoryDef>
    <defName>Arkanian_Rebel_Adult</defName>
    <title>Arkanian rebel adult</title>
    <titleShort>Rebel</titleShort>
    <baseDescription>[PAWN_nameFull] is a rebellious free-spirit</baseDescription>
    <bodyTypeMale>Male</bodyTypeMale>
    <bodyTypeFemale>Female</bodyTypeFemale>
    <slot>Adulthood</slot>
    <skillGains>
      <li>
        <defName>Melee</defName>
        <amount>6</amount>
      </li>
      <li>
        <defName>Social</defName>
        <amount>10</amount>
      </li>
      <li>
        <defName>Shooting</defName>
        <amount>2</amount>
      </li>
    </skillGains>
    <spawnCategories>
      <li>Arkanian_Backstory</li>
    </spawnCategories>
  </AlienRace.BackstoryDef>

  <AlienRace.BackstoryDef>
    <defName>Arkanian_Foodie</defName>
    <title>Arkanian foodie</title>
    <titleShort>Foodie</titleShort>
    <baseDescription>[PAWN_nameFull] loves cooking, and just about anything to do with food.</baseDescription>
    <bodyTypeMale>Male</bodyTypeMale>
    <bodyTypeFemale>Female</bodyTypeFemale>
    <slot>Adulthood</slot>
    <skillGains>
      <li>
        <defName>Melee</defName>
        <amount>6</amount>
      </li>
      <li>
        <defName>Cooking</defName>
        <amount>10</amount>
      </li>
      <li>
        <defName>Social</defName>
        <amount>2</amount>
      </li>
    </skillGains>
    <spawnCategories>
      <li>Arkanian_Backstory</li>
    </spawnCategories>
  </AlienRace.BackstoryDef>

  <AlienRace.BackstoryDef>
    <defName>Arkanian_Tracker</defName>
    <title>Arkanian tracker</title>
    <titleShort>Tracker</titleShort>
    <baseDescription>[PAWN_nameFull] is renowned among HIS tribe for HIS sharp senses, and is always called for when something elusive needs tracking.</baseDescription>
    <bodyTypeMale>Male</bodyTypeMale>
    <bodyTypeFemale>Female</bodyTypeFemale>
    <slot>Adulthood</slot>
    <skillGains>
      <li>
        <defName>Melee</defName>
        <amount>6</amount>
      </li>
      <li>
        <defName>Social</defName>
        <amount>10</amount>
      </li>
      <li>
        <defName>Shooting</defName>
        <amount>2</amount>
      </li>
    </skillGains>
    <spawnCategories>
      <li>Arkanian_Backstory</li>
    </spawnCategories>
  </AlienRace.BackstoryDef>

  <AlienRace.BackstoryDef>
    <defName>Arkanian_Servant</defName>
    <title>Arkanian servant</title>
    <titleShort>Servant</titleShort>
    <baseDescription>[PAWN_nameFull] was a servant to a powerful lord. HECAP was well-treated, and had a little free time to educate HIMself, and train some archery.</baseDescription>
    <bodyTypeMale>Male</bodyTypeMale>
    <bodyTypeFemale>Female</bodyTypeFemale>
    <slot>Adulthood</slot>
    <skillGains>
      <li>
        <defName>Plants</defName>
        <amount>6</amount>
      </li>
      <li>
        <defName>Cooking</defName>
        <amount>10</amount>
      </li>
      <li>
        <defName>Shooting</defName>
        <amount>4</amount>
      </li>
    </skillGains>
    <spawnCategories>
      <li>Arkanian_Backstory</li>
    </spawnCategories>
  </AlienRace.BackstoryDef>

</Defs>
