<?xml version="1.0" encoding="utf-8" ?>

<Defs>
<!-- =Arkanian Base = -->

    <ThingDef Name="BaseArkanian" Abstract="True">
        <thingClass>Pawn</thingClass>
        <category>Pawn</category>
        <selectable>true</selectable>
        <tickerType>Normal</tickerType>
        <altitudeLayer>Pawn</altitudeLayer>
        <useHitPoints>false</useHitPoints>
        <hasTooltip>true</hasTooltip>
        <soundImpactDefault>BulletImpact_Flesh</soundImpactDefault>
        <statBases>
            <Mass>70</Mass>
        </statBases>
        <inspectorTabs>
            <li>ITab_Pawn_Health</li>
            <li>ITab_Pawn_Needs</li>
            <li>ITab_Pawn_Character</li>
            <li>ITab_Pawn_Training</li>
            <li>ITab_Pawn_Social</li>
            <li>ITab_Pawn_Guest</li>
            <li>ITab_Pawn_Prisoner</li>
            <li>ITab_Pawn_FormingCaravan</li>
            <li>ITab_Pawn_Gear</li>
            <li>ITab_Pawn_Log</li>
        </inspectorTabs>
        <comps>
            <li>
                <compClass>CompAttachBase</compClass>
            </li>
        </comps>
        <drawGUIOverlay>true</drawGUIOverlay>
    </ThingDef>
    <AlienRace.RaceSettings>
		<defName>Arkanian_RaceSettings</defName>  
        <pawnKindSettings>
            <alienslavekinds>
                <li>
                    <kindDefs>
                        <li>ArkanianSlave</li>
                    </kindDefs>
                    <chance>0.60</chance>
                </li>
            </alienslavekinds>
            <alienrefugeekinds>
                <li> 
                    <kindDefs>
		    	        <li>Arkanian_Villager</li>
                        <li>Arkanian_Town_Guard</li>
                        <li>Arkanian_Town_Trader</li>
                        <li>Arkanian_Town_Councilman</li>
                    </kindDefs> 
                    <chance>50.0</chance>                        
                </li>
            </alienrefugeekinds>
            <startingColonists>
	    	    <li>
			        <pawnKindEntries>
				        <li>
                            <kindDefs>
					            <li>Arkanian_Villager</li>
                                <li>Arkanian_Town_Guard</li>
                                <li>Arkanian_Town_Trader</li>
                                <li>Arkanian_Town_Councilman</li>
                            </kindDefs>
                            <chance>10.0</chance>
				        </li>
			        </pawnKindEntries>                       
				    <factionDefs>
					   <li>ArkanianPlayerTribe</li> 
				    </factionDefs>
                </li>               
		    </startingColonists>
            <alienwandererkinds>
                <li> 
                    <pawnKindEntries>
                        <li>
                            <kindDefs>
                                <li>Arkanian_Villager</li>
                                <li>Arkanian_Town_Guard</li>
                                <li>Arkanian_Town_Trader</li>
                                <li>Arkanian_Town_Councilman</li>
                            </kindDefs> 
                            <chance>50.0</chance>
                        </li>
                    </pawnKindEntries>
                    <factionDefs>
	    			   <li>ArkanianPlayerTribe</li> 
				    </factionDefs>                         
                </li>
            </alienwandererkinds>
        </pawnKindSettings>    
    </AlienRace.RaceSettings> 
    <AlienRace.ThingDef_AlienRace ParentName="BaseArkanian">
        <defName>Alien_Arkanian</defName>
        <label>Arkanian</label>
        <description>?</description>
        <statBases>
            <MarketValue>1750</MarketValue>
            <MoveSpeed>4.61</MoveSpeed>
            <Flammability>1.0</Flammability>
            <ComfyTemperatureMin>-40</ComfyTemperatureMin>
            <ComfyTemperatureMax>0</ComfyTemperatureMax>
            <LeatherAmount>50</LeatherAmount>
        </statBases>
        <tools>
            <li>
                <label>left fist</label>
                <capacities>
                    <li>Blunt</li>
                </capacities>
                <power>7</power>
                <cooldownTime>1.7</cooldownTime>
                <linkedBodyPartsGroup>LeftHand</linkedBodyPartsGroup>
                <surpriseAttack>
                    <extraMeleeDamages>
                        <li>
                            <def>Stun</def>
                            <amount>14</amount>
                        </li>
                    </extraMeleeDamages>
                </surpriseAttack>
            </li>
            <li>
                <label>right fist</label>
                <capacities>
                    <li>Blunt</li>
                </capacities>
                <power>7</power>
                <cooldownTime>1.7</cooldownTime>
                <linkedBodyPartsGroup>RightHand</linkedBodyPartsGroup>
                <surpriseAttack>
                    <extraMeleeDamages>
                        <li>
                            <def>Stun</def>
                            <amount>14</amount>
                        </li>
                    </extraMeleeDamages>
                </surpriseAttack>
            </li>
            <li>
                <label>head</label>
                <capacities>
                    <li>Blunt</li>
                </capacities>
                <power>5</power>
                <cooldownTime>1.9</cooldownTime>
                <linkedBodyPartsGroup>HeadAttackTool</linkedBodyPartsGroup>
                <chanceFactor>0.2</chanceFactor>
            </li>
        </tools>
        <race>
            <thinkTreeMain>Humanlike</thinkTreeMain>
            <thinkTreeConstant>HumanlikeConstant</thinkTreeConstant>
            <intelligence>Humanlike</intelligence>
            <makesFootprints>true</makesFootprints>
            <lifeExpectancy>180</lifeExpectancy>
	        <leatherDef>Arkanian_Leather</leatherDef>
    	    <meatLabel>Arkanian meat</meatLabel>
            <nameCategory>HumanStandard</nameCategory>
            <body>Human</body>
            <baseBodySize>1.25</baseBodySize>
            <baseHealthScale>1</baseHealthScale>
            <foodType>OmnivoreHuman</foodType>
            <gestationPeriodDays>45</gestationPeriodDays>
            <litterSizeCurve>
                <points>
                    <li>(0.5, 0)</li>
                    <li>(1, 1)</li>
                    <li>(1.01, 0.02)</li>
                    <li>(3.5, 0)</li>
                </points>
            </litterSizeCurve>
            <lifeStageAges>
                <li>
                    <def>ArkanianBaby</def>
                    <minAge>0</minAge>
                </li>
                <li>
                    <def>ArkanianYoungAdult</def>
                    <minAge>12</minAge>
                </li>
                <li>
                    <def>ArkanianAdult</def>
                    <minAge>17</minAge>
                </li>
                <li>
                    <def>ArkanianMiddleAge</def>
                    <minAge>53</minAge>
                </li>
		        <li>
                    <def>ArkanianOldAge</def>
                    <minAge>85</minAge>
                </li>
		        <li>
                    <def>ArkanianVenerable</def>
                    <minAge>103</minAge>
                </li>
            </lifeStageAges>
            <soundMeleeHitPawn>Pawn_Melee_Punch_HitPawn</soundMeleeHitPawn>
            <soundMeleeHitBuilding>Pawn_Melee_Punch_HitBuilding</soundMeleeHitBuilding>
            <soundMeleeMiss>Pawn_Melee_Punch_Miss</soundMeleeMiss>
            <specialShadowData>
                <volume>(0.3, 0.8, 0.4)</volume>
                <offset>(0,0,-0.3)</offset>
            </specialShadowData>
            <ageGenerationCurve>
                <points>
                    <li>(0,0)</li>
                    <li>(12,100)</li>
                    <li>(17,100)</li>
                    <li>(53,30)</li>
                    <li>(85,18)</li>
                    <li>(103,10)</li>
                    <li>(180,0)</li>
                </points>
            </ageGenerationCurve>
            <hediffGiverSets>
                <li>OrganicStandard</li>
                <li>Human</li>
            </hediffGiverSets>
        </race>    
        <alienRace>   
            <generalSettings>
                <humanRecipeImport>true</humanRecipeImport>
                <immuneToAge>false</immuneToAge>
                <forcedRaceTraitEntries>
                </forcedRaceTraitEntries>    
                <alienPartGenerator>
				    <alienbodytypes>
					    <li>Male</li>
					    <li>Female</li>
					    <li>Thin</li>
                    </alienbodytypes>
                    <aliencrowntypes>
                        <li>Average_Normal</li>
                        <li>Average_Pointy</li>
                        <li>Average_Wide</li>
                        <li>Narrow_Normal</li>
                        <li>Narrow_Pointy</li>
                        <li>Narrow_Wide</li>       
                    </aliencrowntypes>
                    <useGenderedHeads>true</useGenderedHeads>
                    <useGenderedBodies>true</useGenderedBodies>
					<alienhaircolorgen Class="ColorGenerator_Options">
						<options>
                        
							<!--  White Hair Color -->

                            <li>
                                <weight>10</weight>
                                <only>RGBA(255,255,255)</only>
                            </li>
			                <li>
                                <weight>5</weight>
                                <only>RGBA(255,255,255)</only>
                            </li>
			                <li>
                                <weight>2</weight>
                                <only>RGBA(255,255,255)</only>
                            </li>
                        </options>
                    </alienhaircolorgen>   
                    <alienskincolorgen Class="ColorGenerator_Options">
                        <options>
                        
							<!--  Tan skin Color -->

                            <li>
                                <weight>10</weight>
                                <only>RGBA(250,229,211)</only>
                            </li>
			                <li>
                                <weight>5</weight>
                                <only>RGBA(250,229,211)</only>
                            </li>
			                <li>
                                <weight>2</weight>
                                <only>RGBA(250,229,211)</only>
                            </li>
                        </options>
                    </alienskincolorgen>
                </alienPartGenerator>
            </generalSettings>
            <graphicPaths>
                <li>
                    <body>Things/Arkanian/Bodies/</body>
                    <head>Things/Arkanian/Heads/</head>
                    <skeleton/>
                    <skull/>
                </li>
            </graphicPaths>
            <hairSettings>
                <hasHair>true</hasHair>
            </hairSettings>     
	        <thoughtSettings>
                <cannotReceiveThoughts>
                </cannotReceiveThoughts>
	        </thoughtSettings>
        </alienRace>
        <recipes>
            <li>InstallArchotechEye</li>
            <li>InstallArchotechArm</li>
            <li>InstallArchotechLeg</li>
            <li>InstallPowerClaw</li>
            <li>InstallBionicEye</li>
            <li>InstallBionicArm</li>
            <li>InstallBionicLeg</li>
            <li>InstallBionicSpine</li>
            <li>InstallBionicHeart</li>
            <li>InstallBionicStomach</li>
            <li>InstallBionicEar</li>
            <li>InstallSimpleProstheticArm</li>
            <li>InstallSimpleProstheticLeg</li>
            <li>InstallSimpleProstheticHeart</li>
            <li>InstallCochlearImplant</li>
            <li>InstallPegLeg</li>
            <li>InstallWoodenFoot</li>
            <li>InstallDenture</li>
            <li>InstallJoywire</li>
            <li>InstallPainstopper</li>
            <li>InstallNaturalHeart</li>
            <li>InstallNaturalLung</li>
            <li>InstallNaturalKidney</li>
            <li>InstallNaturalLiver</li>
            <li>ExciseCarcinoma</li>
            <li>AdministerMechSerumHealer</li>
            <li>RemoveBodyPart</li>
            <li>Euthanize</li>
            <li>Anesthetize</li>
        </recipes>    
    </AlienRace.ThingDef_AlienRace>

</Defs>
