<?xml version="1.0" encoding="utf-8" ?>

<Defs>

    <LifeStageDef>
        <defName>ArkanianBaby</defName>
        <label>baby</label>
        <bodySizeFactor>0.2</bodySizeFactor>
        <foodMaxFactor>1.5</foodMaxFactor>
        <healthScaleFactor>0.2</healthScaleFactor>
        <hungerRateFactor>0.2</hungerRateFactor>
        <marketValueFactor>0.5</marketValueFactor>
        <meleeDamageFactor>0.5</meleeDamageFactor>
        <statFactors>
            <MoveSpeed>0.2</MoveSpeed>
        </statFactors>
    </LifeStageDef>

    <LifeStageDef>
        <defName>ArkanianYoungAdult</defName>
        <label>youngadult</label>
        <reproductive>true</reproductive>
        <bodySizeFactor>0.5</bodySizeFactor>
        <healthScaleFactor>0.5</healthScaleFactor>
        <hungerRateFactor>0.6</hungerRateFactor>
        <marketValueFactor>0.9</marketValueFactor>
        <meleeDamageFactor>0.7</meleeDamageFactor>
        <statFactors>
            <MoveSpeed>0.65</MoveSpeed>
        </statFactors>
    </LifeStageDef>

    <LifeStageDef>
        <defName>ArkanianAdult</defName>
        <label>adult</label>
        <reproductive>true</reproductive>
        <bodySizeFactor>0.85</bodySizeFactor>
        <healthScaleFactor>0.90</healthScaleFactor>
        <meleeDamageFactor>0.75</meleeDamageFactor>
        <statFactors>
            <MoveSpeed>0.95</MoveSpeed>
        </statFactors>
    </LifeStageDef>

    <LifeStageDef>
        <defName>ArkanianMiddleAge</defName>
        <label>middleage</label>
        <visible>false</visible>
        <reproductive>true</reproductive>
    </LifeStageDef>

    <LifeStageDef>
        <defName>ArkanianOldAge</defName>
        <label>oldage</label>
        <visible>false</visible>
        <reproductive>true</reproductive>
        <healthScaleFactor>0.90</healthScaleFactor>
        <marketValueFactor>1.3</marketValueFactor>
        <meleeDamageFactor>0.9</meleeDamageFactor>
        <statFactors>
            <MoveSpeed>0.9</MoveSpeed>
        </statFactors>
    </LifeStageDef>

    <LifeStageDef>
        <defName>ArkanianVenerable</defName>
        <label>venerable</label>
        <visible>false</visible>
        <reproductive>true</reproductive>
        <healthScaleFactor>0.90</healthScaleFactor>
        <marketValueFactor>1.6</marketValueFactor>
        <meleeDamageFactor>0.7</meleeDamageFactor>
        <statFactors>
            <MoveSpeed>0.7</MoveSpeed>
        </statFactors>
    </LifeStageDef>
  
</Defs>


