﻿<?xml version="1.0" encoding="utf-8" ?>
<Defs>

  <PawnKindDef Name="ArkanianBase" Abstract="True">
    <race>Alien_Arkanian</race>
    <defaultFactionType>Arkanianoutlander</defaultFactionType>
    <chemicalAddictionChance>0.05</chemicalAddictionChance>
    <baseRecruitDifficulty>0.65</baseRecruitDifficulty>
    <backstoryCryptosleepCommonality>0.05</backstoryCryptosleepCommonality>
	  <backstoryCategories>
      <li>Arkanian_Backstory</li>
    </backstoryCategories>
    <invNutrition>2.55</invNutrition>
    <apparelTags>
      <li>IndustrialBasic</li>
      <li>IndustrialAdvanced</li>
    </apparelTags>
    <inventoryOptions>
      <skipChance>0.70</skipChance>
      <subOptionsChooseOne>
        <li>
          <choiceChance>90</choiceChance>
          <thingDef>Silver</thingDef>
          <countRange>
            <min>30</min>
            <max>100</max>
          </countRange>
        </li>
      </subOptionsChooseOne>
    </inventoryOptions>
  </PawnKindDef>

  <!-- Slave -->

  <PawnKindDef ParentName="ArkanianBase">
    <defName>Arkanian_Slave</defName>
    <label>slave</label>
    <combatPower>30</combatPower>
    <itemQuality>Poor</itemQuality>
    <isFighter>false</isFighter>
    <gearHealthRange>
      <min>0.2</min>
      <max>0.8</max>
    </gearHealthRange>
    <apparelMoney>
      <min>0</min>
      <max>350</max>
    </apparelMoney>
    <techHediffsChance>0.03</techHediffsChance>
    <techHediffsMoney>
      <min>50</min>
      <max>800</max>
    </techHediffsMoney>
    <techHediffsTags>
      <li>Poor</li>
    </techHediffsTags>
    <apparelIgnoreSeasons>true</apparelIgnoreSeasons>
    <invNutrition>1</invNutrition>
    <invFoodDef>Pemmican</invFoodDef>
  </PawnKindDef>

  <PawnKindDef ParentName="ArkanianBase">
    <defName>Arkanian_Villager</defName>
    <label>villager</label>
    <combatPower>35</combatPower>
    <itemQuality>Poor</itemQuality>
    <isFighter>false</isFighter>
    <gearHealthRange>
      <min>0.2</min>
      <max>2.0</max>
    </gearHealthRange>
    <weaponTags>
      <li>Gun</li>
      <li>MedievalMeleeBasic</li>
    </weaponTags>
    <weaponMoney>
      <min>65</min>
      <max>250</max>
    </weaponMoney>
    <apparelMoney>
      <min>200</min>
      <max>400</max>
    </apparelMoney>
    <apparelAllowHeadgearChance>0.4</apparelAllowHeadgearChance>
    <techHediffsChance>0.06</techHediffsChance>
    <techHediffsMoney>
      <min>50</min>
      <max>600</max>
    </techHediffsMoney>
    <techHediffsTags>
      <li>Poor</li>
      <li>Simple</li>
    </techHediffsTags>
  </PawnKindDef>

  <PawnKindDef ParentName="ArkanianBase">
    <defName>Arkanian_Town_Guard</defName>
    <label>town guard</label>
    <combatPower>55</combatPower>
    <isFighter>true</isFighter>
    <gearHealthRange>
      <min>0.6</min>
      <max>2</max>
    </gearHealthRange>
    <apparelTags>
      <li>IndustrialMilitaryBasic</li>
      <li>BeltDefensePop</li>
    </apparelTags>
    <apparelMoney>
      <min>400</min>
      <max>600</max>
    </apparelMoney>
    <apparelAllowHeadgearChance>0.4</apparelAllowHeadgearChance>
    <weaponTags>
      <li>Gun</li>
    </weaponTags>
    <weaponMoney>
      <min>250</min>
      <max>400</max>
    </weaponMoney>
    <techHediffsChance>0.04</techHediffsChance>
    <techHediffsMoney>
      <min>200</min>
      <max>700</max>
    </techHediffsMoney>
    <techHediffsTags>
      <li>Poor</li>
      <li>Simple</li>
    </techHediffsTags>
  </PawnKindDef>

  <PawnKindDef ParentName="ArkanianBase">
    <defName>Arkanian_Town_Trader</defName>
    <label>town trader</label>
    <trader>true</trader>
    <combatPower>40</combatPower>
    <isFighter>false</isFighter>
    <gearHealthRange>
      <min>1</min>
      <max>1</max>
    </gearHealthRange>
    <itemQuality>Normal</itemQuality>
    <weaponTags>
      <li>Gun</li>
    </weaponTags>
    <weaponMoney>
      <min>200</min>
      <max>200</max>
    </weaponMoney>
    <apparelMoney>
      <min>400</min>
      <max>600</max>
    </apparelMoney>
    <apparelTags>
      <li>IndustrialMilitaryBasic</li>
      <li>IndustrialMilitaryAdvanced</li>
      <li>BeltDefensePop</li>
    </apparelTags>
    <apparelRequired>
      <li>Apparel_BowlerHat</li>
    </apparelRequired>
    <techHediffsChance>0.15</techHediffsChance>
    <techHediffsMoney>
      <min>600</min>
      <max>1500</max>
    </techHediffsMoney>
    <techHediffsTags>
      <li>Poor</li>
      <li>Simple</li>
      <li>Advanced</li>
    </techHediffsTags>
  </PawnKindDef>

  <PawnKindDef ParentName="ArkanianBase">
    <defName>Arkanian_Town_Councilman</defName>
    <label>town councilman</label>
    <labelPlural>town councilmen</labelPlural>
    <combatPower>40</combatPower>
    <factionLeader>true</factionLeader>
    <minGenerationAge>30</minGenerationAge>
    <isFighter>false</isFighter>
    <gearHealthRange>
      <min>1</min>
      <max>1</max>
    </gearHealthRange>
    <itemQuality>Excellent</itemQuality>
    <weaponMoney>
      <min>200</min>
      <max>200</max>
    </weaponMoney>
    <weaponTags>
      <li>Gun</li>
    </weaponTags>
    <apparelMoney>
      <min>700</min>
      <max>1200</max>
    </apparelMoney>
    <apparelTags>
      <li>IndustrialMilitaryBasic</li>
      <li>BeltDefensePop</li>
    </apparelTags>
    <apparelRequired>
      <li>Apparel_BowlerHat</li>
    </apparelRequired>
    <techHediffsChance>0.15</techHediffsChance>
    <techHediffsMoney>
      <min>600</min>
      <max>1500</max>
    </techHediffsMoney>
    <techHediffsTags>
      <li>Simple</li>
      <li>Advanced</li>
    </techHediffsTags>
  </PawnKindDef>

</Defs>
