﻿<?xml version="1.0" encoding="utf-8" ?>
<Defs>

  <PawnKindDef Abstract="True" Name="BaseArkanianPawnKind">
    <race>Alien_Arkanian</race>
    <combatPower>30</combatPower>
    <isFighter>false</isFighter>
    <apparelIgnoreSeasons>true</apparelIgnoreSeasons>
    <forceNormalGearQuality>true</forceNormalGearQuality>
  </PawnKindDef>

  <PawnKindDef ParentName="BaseArkanianPawnKind">
    <defName>Arkanian</defName>
    <label>colonist</label>
    <defaultFactionType>ArkanianPlayerColony</defaultFactionType>
	  <backstoryCategories>
      <li>Arkanian_Backstory</li>
    </backstoryCategories>
    <chemicalAddictionChance>0.06</chemicalAddictionChance>
    <apparelTags>
      <li>IndustrialBasic</li>
    </apparelTags>
    <apparelAllowHeadgearChance>0</apparelAllowHeadgearChance>
    <apparelMoney>
      <min>350</min>
      <max>600</max>
    </apparelMoney>
    <backstoryCryptosleepCommonality>1</backstoryCryptosleepCommonality>
    <techHediffsChance>0.03</techHediffsChance>
    <techHediffsMoney>
      <min>50</min>
      <max>800</max>
    </techHediffsMoney>
    <techHediffsTags>
      <li>Poor</li>
      <li>Simple</li>
    </techHediffsTags>
  </PawnKindDef>

</Defs>
