<?xml version="1.0" encoding="utf-8" ?>

<Defs>

    <FactionDef>
	    <defName>Arkanianoutlander</defName>
	    <label>Arkanian Outpost</label>
        <description>Mysterious Arkanian Race</description>
        <pawnSingular>arkanian</pawnSingular>
        <pawnsPlural>arkanians</pawnsPlural>
        <settlementGenerationWeight>1</settlementGenerationWeight>
        <requiredCountAtGameStart>1</requiredCountAtGameStart>
        <canMakeRandomly>true</canMakeRandomly>
        <canSiege>true</canSiege>
        <canStageAttacks>true</canStageAttacks>
        <expandingIconTexture>World/Expanding/ArkanianFactionBase</expandingIconTexture>
		<factionNameMaker>NamerFactionOutlander</factionNameMaker>
		<settlementNameMaker>NamerSettlementOutlander</settlementNameMaker>
		<techLevel>Spacer</techLevel>
	    <backstoryCategories>
            <li>Arkanian_Backstory</li>
        </backstoryCategories>
		<geneticVariance>0.8</geneticVariance>
        <goodwillDailyGain>0.25</goodwillDailyGain>
        <goodwillDailyFall>0.25</goodwillDailyFall>
        <leaderTitle>prime councilor</leaderTitle>
		<hairTags>
			<li>Rural</li>
		</hairTags>
        <caravanTraderKinds>
            <li>Caravan_Arkanian_BulkGoods</li>
            <li>Caravan_Arkanian_CombatSupplier</li>
            <li>Caravan_Arkanian_Exotic</li>
            <li>Caravan_Arkanian_PirateMerchant</li>
        </caravanTraderKinds>
        <visitorTraderKinds>
            <li>Visitor_Arkanian_Standard</li>
        </visitorTraderKinds>
        <baseTraderKinds>
            <li>Base_Arkanian_Standard</li>
        </baseTraderKinds>
        <allowedArrivalTemperatureRange>
            <min>-40</min>
            <max>0</max>
        </allowedArrivalTemperatureRange>
        <maxPawnCostPerTotalPointsCurve>
            <points>
                <li>(0,35)</li>
                <li>(70, 50)</li>
                <li>(700, 100)</li>
                <li>(1300, 150)</li>
                <li>(100000, 10000)</li>
            </points>
        </maxPawnCostPerTotalPointsCurve>
        <pawnGroupMakers>
            <li>
                <!-- Normal fights, standard mix -->
                <kindDef>Combat</kindDef>
                <options>
					<Arkanian_Villager>5</Arkanian_Villager>
                    <Arkanian_Town_Guard>10</Arkanian_Town_Guard>
                    <Arkanian_Town_Councilman>10</Arkanian_Town_Councilman>
                </options>
            </li>
            <li>
                <kindDef>Peaceful</kindDef>
                <options>
                    <Arkanian_Villager>20</Arkanian_Villager>
                    <Arkanian_Town_Guard>10</Arkanian_Town_Guard>
                    <Arkanian_Town_Councilman>10</Arkanian_Town_Councilman>
                </options>
            </li>
            <li>
                <kindDef>Trader</kindDef>
                <traders>
                    <Arkanian_Town_Trader>1</Arkanian_Town_Trader>
                </traders>
                <carriers>
                    <Muffalo>6</Muffalo>
                    <Dromedary>5</Dromedary>
                    <Alpaca>2</Alpaca>
                    <Elephant>1</Elephant>
                </carriers>
                <guards>
                    <Arkanian_Villager>3</Arkanian_Villager>
                    <Arkanian_Town_Guard>10</Arkanian_Town_Guard>
				</guards>
            </li>
            <li>
                <kindDef>Settlement</kindDef>
                <options>
				    <Arkanian_Villager>10</Arkanian_Villager>
                    <Arkanian_Town_Guard>10</Arkanian_Town_Guard>
                    <Arkanian_Town_Councilman>10</Arkanian_Town_Councilman>
                </options>
            </li>
        </pawnGroupMakers>
        <homeIconPath>World/DefaultFactionBase</homeIconPath>
    </FactionDef>

</Defs>