<?xml version="1.0" encoding="utf-8" ?>

<Defs>

	<FactionDef>
        <defName>ArkanianPlayerColony</defName>
        <label>Arkanian Arrivals</label>
        <description>Arkanian Outpost Start</description>
        <isPlayer>true</isPlayer>
        <basicMemberKind>Arkanian</basicMemberKind>
        <pawnSingular>colonist</pawnSingular>
        <pawnsPlural>colonists</pawnsPlural>
        <techLevel>Spacer</techLevel>
	    <backstoryCategories>
            <li>Arkanian_Backstory</li>
        </backstoryCategories>
		<homeIconPath>World/DefaultFactionBase</homeIconPath>
        <expandingIconTexture>World/Expanding/ArkanianFactionBase</expandingIconTexture>
        <playerInitialSettlementNameMaker>NamerInitialSettlementColony</playerInitialSettlementNameMaker>
	    <factionNameMaker>NamerFactionOutlander</factionNameMaker>
        <settlementNameMaker>NamerSettlementOutlander</settlementNameMaker>
        <geneticVariance>1</geneticVariance>
		<startingResearchTags>
			<li>ClassicStart</li>
		</startingResearchTags>
		<hairTags>
			<li>Urban</li>
		</hairTags>
		<apparelStuffFilter>
			<thingDefs>
				<li>Synthread</li>
			</thingDefs>
		</apparelStuffFilter>
    </FactionDef>

</Defs>
  